triangle,i,j,k
0,0,1,2
1,107,108,109
2,0,1,108
3,0,108,107
4,1,2,109
5,1,109,108
6,2,0,107
7,2,107,109
8,0,2,3
9,107,109,110
10,0,2,109
11,0,109,107
12,2,3,110
13,2,110,109
14,3,0,107
15,3,107,110
16,0,3,4
17,107,110,111
18,0,3,110
19,0,110,107
20,3,4,111
21,3,111,110
22,4,0,107
23,4,107,111
24,0,4,5
25,107,111,112
26,0,4,111
27,0,111,107
28,4,5,112
29,4,112,111
30,5,0,107
31,5,107,112
32,0,5,6
33,107,112,113
34,0,5,112
35,0,112,107
36,5,6,113
37,5,113,112
38,6,0,107
39,6,107,113
40,0,6,7
41,107,113,114
42,0,6,113
43,0,113,107
44,6,7,114
45,6,114,113
46,7,0,107
47,7,107,114
48,0,7,8
49,107,114,115
50,0,7,114
51,0,114,107
52,7,8,115
53,7,115,114
54,8,0,107
55,8,107,115
56,0,8,9
57,107,115,116
58,0,8,115
59,0,115,107
60,8,9,116
61,8,116,115
62,9,0,107
63,9,107,116
64,0,9,10
65,107,116,117
66,0,9,116
67,0,116,107
68,9,10,117
69,9,117,116
70,10,0,107
71,10,107,117
72,0,10,11
73,107,117,118
74,0,10,117
75,0,117,107
76,10,11,118
77,10,118,117
78,11,0,107
79,11,107,118
80,0,11,12
81,107,118,119
82,0,11,118
83,0,118,107
84,11,12,119
85,11,119,118
86,12,0,107
87,12,107,119
88,0,12,13
89,107,119,120
90,0,12,119
91,0,119,107
92,12,13,120
93,12,120,119
94,13,0,107
95,13,107,120
96,0,13,14
97,107,120,121
98,0,13,120
99,0,120,107
100,13,14,121
101,13,121,120
102,14,0,107
103,14,107,121
104,0,14,1
105,107,121,108
106,0,14,121
107,0,121,107
108,14,1,108
109,14,108,121
110,1,0,107
111,1,107,108
112,8,9,57
113,58,115,116
114,8,9,115
115,8,115,58
116,9,57,116
117,9,116,115
118,57,8,58
119,57,58,116
120,9,10,58
121,59,116,117
122,9,10,116
123,9,116,59
124,10,58,117
125,10,117,116
126,58,9,59
127,58,59,117
128,10,11,59
129,60,117,118
130,10,11,117
131,10,117,60
132,11,59,118
133,11,118,117
134,59,10,60
135,59,60,118
136,11,12,60
137,61,118,119
138,11,12,118
139,11,118,61
140,12,60,119
141,12,119,118
142,60,11,61
143,60,61,119
144,12,13,61
145,62,119,120
146,12,13,119
147,12,119,62
148,13,61,120
149,13,120,119
150,61,12,62
151,61,62,120
152,13,14,62
153,63,120,121
154,13,14,120
155,13,120,63
156,14,62,121
157,14,121,120
158,62,13,63
159,62,63,121
160,14,1,63
161,64,121,108
162,14,1,121
163,14,121,64
164,1,63,108
165,1,108,121
166,63,14,64
167,63,64,108
168,64,1,72
169,15,108,122
170,64,1,108
171,64,108,15
172,1,72,122
173,1,122,108
174,72,64,15
175,72,15,122
176,1,2,15
177,1,15,16
178,108,109,122
179,108,122,123
180,1,2,109
181,1,109,108
182,2,15,122
183,2,122,109
184,15,16,123
185,15,123,122
186,16,1,108
187,16,108,123
188,2,3,16
189,2,16,17
190,109,110,123
191,109,123,124
192,2,3,110
193,2,110,109
194,3,16,123
195,3,123,110
196,16,17,124
197,16,124,123
198,17,2,109
199,17,109,124
200,3,4,17
201,3,17,18
202,110,111,124
203,110,124,125
204,3,4,111
205,3,111,110
206,4,17,124
207,4,124,111
208,17,18,125
209,17,125,124
210,18,3,110
211,18,110,125
212,4,5,18
213,4,18,19
214,111,112,125
215,111,125,126
216,4,5,112
217,4,112,111
218,5,18,125
219,5,125,112
220,18,19,126
221,18,126,125
222,19,4,111
223,19,111,126
224,5,6,19
225,5,19,20
226,112,113,126
227,112,126,127
228,5,6,113
229,5,113,112
230,6,19,126
231,6,126,113
232,19,20,127
233,19,127,126
234,20,5,112
235,20,112,127
236,6,7,20
237,6,20,21
238,113,114,127
239,113,127,128
240,6,7,114
241,6,114,113
242,7,20,127
243,7,127,114
244,20,21,128
245,20,128,127
246,21,6,113
247,21,113,128
248,7,8,21
249,7,21,22
250,114,115,128
251,114,128,129
252,7,8,115
253,7,115,114
254,8,21,128
255,8,128,115
256,21,22,129
257,21,129,128
258,22,7,114
259,22,114,129
260,8,57,22
261,65,115,129
262,8,57,115
263,8,115,65
264,57,22,129
265,57,129,115
266,22,8,65
267,22,65,129
268,57,58,65
269,57,65,66
270,115,116,129
271,115,129,130
272,57,58,116
273,57,116,115
274,58,65,129
275,58,129,116
276,65,66,130
277,65,130,129
278,66,57,115
279,66,115,130
280,58,59,66
281,58,66,67
282,116,117,130
283,116,130,131
284,58,59,117
285,58,117,116
286,59,66,130
287,59,130,117
288,66,67,131
289,66,131,130
290,67,58,116
291,67,116,131
292,59,60,67
293,59,67,68
294,117,118,131
295,117,131,132
296,59,60,118
297,59,118,117
298,60,67,131
299,60,131,118
300,67,68,132
301,67,132,131
302,68,59,117
303,68,117,132
304,60,61,68
305,60,68,69
306,118,119,132
307,118,132,133
308,60,61,119
309,60,119,118
310,61,68,132
311,61,132,119
312,68,69,133
313,68,133,132
314,69,60,118
315,69,118,133
316,61,62,69
317,61,69,70
318,119,120,133
319,119,133,134
320,61,62,120
321,61,120,119
322,62,69,133
323,62,133,120
324,69,70,134
325,69,134,133
326,70,61,119
327,70,119,134
328,62,63,70
329,62,70,71
330,120,121,134
331,120,134,135
332,62,63,121
333,62,121,120
334,63,70,134
335,63,134,121
336,70,71,135
337,70,135,134
338,71,62,120
339,71,120,135
340,63,64,71
341,63,71,72
342,121,108,135
343,121,135,122
344,63,64,108
345,63,108,121
346,64,71,135
347,64,135,108
348,71,72,122
349,71,122,135
350,72,63,121
351,72,121,122
352,8,9,22
353,8,22,23
354,57,58,65
355,57,65,78
356,8,9,58
357,8,58,57
358,9,22,65
359,9,65,58
360,22,23,78
361,22,78,65
362,23,8,57
363,23,57,78
364,9,10,23
365,9,23,24
366,58,59,78
367,58,78,77
368,9,10,59
369,9,59,58
370,10,23,78
371,10,78,59
372,23,24,77
373,23,77,78
374,24,9,58
375,24,58,77
376,10,11,24
377,10,24,25
378,59,60,77
379,59,77,76
380,10,11,60
381,10,60,59
382,11,24,77
383,11,77,60
384,24,25,76
385,24,76,77
386,25,10,59
387,25,59,76
388,11,12,25
389,11,25,26
390,60,61,76
391,60,76,75
392,11,12,61
393,11,61,60
394,12,25,76
395,12,76,61
396,25,26,75
397,25,75,76
398,26,11,60
399,26,60,75
400,12,13,26
401,12,26,27
402,61,62,75
403,61,75,74
404,12,13,62
405,12,62,61
406,13,26,75
407,13,75,62
408,26,27,74
409,26,74,75
410,27,12,61
411,27,61,74
412,13,14,27
413,13,27,28
414,62,63,74
415,62,74,73
416,13,14,63
417,13,63,62
418,14,27,74
419,14,74,63
420,27,28,73
421,27,73,74
422,28,13,62
423,28,62,73
424,14,1,28
425,14,28,15
426,63,64,73
427,63,73,72
428,14,1,64
429,14,64,63
430,1,28,73
431,1,73,64
432,28,15,72
433,28,72,73
434,15,14,63
435,15,63,72
436,72,15,86
437,29,122,136
438,72,15,122
439,72,122,29
440,15,86,136
441,15,136,122
442,86,72,29
443,86,29,136
444,15,16,29
445,15,29,30
446,122,123,136
447,122,136,137
448,15,16,123
449,15,123,122
450,16,29,136
451,16,136,123
452,29,30,137
453,29,137,136
454,30,15,122
455,30,122,137
456,16,17,30
457,16,30,31
458,123,124,137
459,123,137,138
460,16,17,124
461,16,124,123
462,17,30,137
463,17,137,124
464,30,31,138
465,30,138,137
466,31,16,123
467,31,123,138
468,17,18,31
469,17,31,32
470,124,125,138
471,124,138,139
472,17,18,125
473,17,125,124
474,18,31,138
475,18,138,125
476,31,32,139
477,31,139,138
478,32,17,124
479,32,124,139
480,18,19,32
481,18,32,33
482,125,126,139
483,125,139,140
484,18,19,126
485,18,126,125
486,19,32,139
487,19,139,126
488,32,33,140
489,32,140,139
490,33,18,125
491,33,125,140
492,19,20,33
493,19,33,34
494,126,127,140
495,126,140,141
496,19,20,127
497,19,127,126
498,20,33,140
499,20,140,127
500,33,34,141
501,33,141,140
502,34,19,126
503,34,126,141
504,20,21,34
505,20,34,35
506,127,128,141
507,127,141,142
508,20,21,128
509,20,128,127
510,21,34,141
511,21,141,128
512,34,35,142
513,34,142,141
514,35,20,127
515,35,127,142
516,21,22,35
517,21,35,36
518,128,129,142
519,128,142,143
520,21,22,129
521,21,129,128
522,22,35,142
523,22,142,129
524,35,36,143
525,35,143,142
526,36,21,128
527,36,128,143
528,22,65,36
529,79,129,143
530,22,65,129
531,22,129,79
532,65,36,143
533,65,143,129
534,36,22,79
535,36,79,143
536,65,66,79
537,65,79,80
538,129,130,143
539,129,143,144
540,65,66,130
541,65,130,129
542,66,79,143
543,66,143,130
544,79,80,144
545,79,144,143
546,80,65,129
547,80,129,144
548,66,67,80
549,66,80,81
550,130,131,144
551,130,144,145
552,66,67,131
553,66,131,130
554,67,80,144
555,67,144,131
556,80,81,145
557,80,145,144
558,81,66,130
559,81,130,145
560,67,68,81
561,67,81,82
562,131,132,145
563,131,145,146
564,67,68,132
565,67,132,131
566,68,81,145
567,68,145,132
568,81,82,146
569,81,146,145
570,82,67,131
571,82,131,146
572,68,69,82
573,68,82,83
574,132,133,146
575,132,146,147
576,68,69,133
577,68,133,132
578,69,82,146
579,69,146,133
580,82,83,147
581,82,147,146
582,83,68,132
583,83,132,147
584,69,70,83
585,69,83,84
586,133,134,147
587,133,147,148
588,69,70,134
589,69,134,133
590,70,83,147
591,70,147,134
592,83,84,148
593,83,148,147
594,84,69,133
595,84,133,148
596,70,71,84
597,70,84,85
598,134,135,148
599,134,148,149
600,70,71,135
601,70,135,134
602,71,84,148
603,71,148,135
604,84,85,149
605,84,149,148
606,85,70,134
607,85,134,149
608,71,72,85
609,71,85,86
610,135,122,149
611,135,149,136
612,71,72,122
613,71,122,135
614,72,85,149
615,72,149,122
616,85,86,136
617,85,136,149
618,86,71,135
619,86,135,136
620,22,23,36
621,22,36,37
622,65,78,79
623,65,79,92
624,22,23,78
625,22,78,65
626,23,36,79
627,23,79,78
628,36,37,92
629,36,92,79
630,37,22,65
631,37,65,92
632,23,24,37
633,23,37,38
634,78,77,92
635,78,92,91
636,23,24,77
637,23,77,78
638,24,37,92
639,24,92,77
640,37,38,91
641,37,91,92
642,38,23,78
643,38,78,91
644,24,25,38
645,24,38,39
646,77,76,91
647,77,91,90
648,24,25,76
649,24,76,77
650,25,38,91
651,25,91,76
652,38,39,90
653,38,90,91
654,39,24,77
655,39,77,90
656,25,26,39
657,25,39,40
658,76,75,90
659,76,90,89
660,25,26,75
661,25,75,76
662,26,39,90
663,26,90,75
664,39,40,89
665,39,89,90
666,40,25,76
667,40,76,89
668,26,27,40
669,26,40,41
670,75,74,89
671,75,89,88
672,26,27,74
673,26,74,75
674,27,40,89
675,27,89,74
676,40,41,88
677,40,88,89
678,41,26,75
679,41,75,88
680,27,28,41
681,27,41,42
682,74,73,88
683,74,88,87
684,27,28,73
685,27,73,74
686,28,41,88
687,28,88,73
688,41,42,87
689,41,87,88
690,42,27,74
691,42,74,87
692,28,15,42
693,28,42,29
694,73,72,87
695,73,87,86
696,28,15,72
697,28,72,73
698,15,42,87
699,15,87,72
700,42,29,86
701,42,86,87
702,29,28,73
703,29,73,86
704,86,29,100
705,43,136,150
706,86,29,136
707,86,136,43
708,29,100,150
709,29,150,136
710,100,86,43
711,100,43,150
712,29,30,43
713,29,43,44
714,136,137,150
715,136,150,151
716,29,30,137
717,29,137,136
718,30,43,150
719,30,150,137
720,43,44,151
721,43,151,150
722,44,29,136
723,44,136,151
724,30,31,44
725,30,44,45
726,137,138,151
727,137,151,152
728,30,31,138
729,30,138,137
730,31,44,151
731,31,151,138
732,44,45,152
733,44,152,151
734,45,30,137
735,45,137,152
736,31,32,45
737,31,45,46
738,138,139,152
739,138,152,153
740,31,32,139
741,31,139,138
742,32,45,152
743,32,152,139
744,45,46,153
745,45,153,152
746,46,31,138
747,46,138,153
748,32,33,46
749,32,46,47
750,139,140,153
751,139,153,154
752,32,33,140
753,32,140,139
754,33,46,153
755,33,153,140
756,46,47,154
757,46,154,153
758,47,32,139
759,47,139,154
760,33,34,47
761,33,47,48
762,140,141,154
763,140,154,155
764,33,34,141
765,33,141,140
766,34,47,154
767,34,154,141
768,47,48,155
769,47,155,154
770,48,33,140
771,48,140,155
772,34,35,48
773,34,48,49
774,141,142,155
775,141,155,156
776,34,35,142
777,34,142,141
778,35,48,155
779,35,155,142
780,48,49,156
781,48,156,155
782,49,34,141
783,49,141,156
784,35,36,49
785,35,49,50
786,142,143,156
787,142,156,157
788,35,36,143
789,35,143,142
790,36,49,156
791,36,156,143
792,49,50,157
793,49,157,156
794,50,35,142
795,50,142,157
796,36,79,50
797,93,143,157
798,36,79,143
799,36,143,93
800,79,50,157
801,79,157,143
802,50,36,93
803,50,93,157
804,79,80,93
805,79,93,94
806,143,144,157
807,143,157,158
808,79,80,144
809,79,144,143
810,80,93,157
811,80,157,144
812,93,94,158
813,93,158,157
814,94,79,143
815,94,143,158
816,80,81,94
817,80,94,95
818,144,145,158
819,144,158,159
820,80,81,145
821,80,145,144
822,81,94,158
823,81,158,145
824,94,95,159
825,94,159,158
826,95,80,144
827,95,144,159
828,81,82,95
829,81,95,96
830,145,146,159
831,145,159,160
832,81,82,146
833,81,146,145
834,82,95,159
835,82,159,146
836,95,96,160
837,95,160,159
838,96,81,145
839,96,145,160
840,82,83,96
841,82,96,97
842,146,147,160
843,146,160,161
844,82,83,147
845,82,147,146
846,83,96,160
847,83,160,147
848,96,97,161
849,96,161,160
850,97,82,146
851,97,146,161
852,83,84,97
853,83,97,98
854,147,148,161
855,147,161,162
856,83,84,148
857,83,148,147
858,84,97,161
859,84,161,148
860,97,98,162
861,97,162,161
862,98,83,147
863,98,147,162
864,84,85,98
865,84,98,99
866,148,149,162
867,148,162,163
868,84,85,149
869,84,149,148
870,85,98,162
871,85,162,149
872,98,99,163
873,98,163,162
874,99,84,148
875,99,148,163
876,85,86,99
877,85,99,100
878,149,136,163
879,149,163,150
880,85,86,136
881,85,136,149
882,86,99,163
883,86,163,136
884,99,100,150
885,99,150,163
886,100,85,149
887,100,149,150
888,36,37,50
889,36,50,51
890,79,92,93
891,79,93,106
892,36,37,92
893,36,92,79
894,37,50,93
895,37,93,92
896,50,51,106
897,50,106,93
898,51,36,79
899,51,79,106
900,37,38,51
901,37,51,52
902,92,91,106
903,92,106,105
904,37,38,91
905,37,91,92
906,38,51,106
907,38,106,91
908,51,52,105
909,51,105,106
910,52,37,92
911,52,92,105
912,38,39,52
913,38,52,53
914,91,90,105
915,91,105,104
916,38,39,90
917,38,90,91
918,39,52,105
919,39,105,90
920,52,53,104
921,52,104,105
922,53,38,91
923,53,91,104
924,39,40,53
925,39,53,54
926,90,89,104
927,90,104,103
928,39,40,89
929,39,89,90
930,40,53,104
931,40,104,89
932,53,54,103
933,53,103,104
934,54,39,90
935,54,90,103
936,40,41,54
937,40,54,55
938,89,88,103
939,89,103,102
940,40,41,88
941,40,88,89
942,41,54,103
943,41,103,88
944,54,55,102
945,54,102,103
946,55,40,89
947,55,89,102
948,41,42,55
949,41,55,56
950,88,87,102
951,88,102,101
952,41,42,87
953,41,87,88
954,42,55,102
955,42,102,87
956,55,56,101
957,55,101,102
958,56,41,88
959,56,88,101
960,42,29,56
961,42,56,43
962,87,86,101
963,87,101,100
964,42,29,86
965,42,86,87
966,29,56,101
967,29,101,86
968,56,43,100
969,56,100,101
970,43,42,87
971,43,87,100
972,100,43,150
973,100,43,188
974,100,150,188
975,43,150,188
976,43,44,151
977,43,150,151
978,43,44,191
979,150,151,188
980,43,150,188
981,44,151,191
982,151,191,209
983,151,188,209
984,43,191,209
985,44,45,191
986,44,191,192
987,151,152,209
988,151,209,210
989,44,45,152
990,44,152,151
991,45,191,209
992,45,209,152
993,191,192,210
994,191,210,209
995,192,44,151
996,192,151,210
997,45,46,192
998,45,192,193
999,152,153,210
1000,152,210,211
1001,45,46,153
1002,45,153,152
1003,46,192,210
1004,46,210,153
1005,192,193,211
1006,192,211,210
1007,193,45,152
1008,193,152,211
1009,46,47,193
1010,46,193,194
1011,153,154,211
1012,153,211,212
1013,46,47,154
1014,46,154,153
1015,47,193,211
1016,47,211,154
1017,193,194,212
1018,193,212,211
1019,194,46,153
1020,194,153,212
1021,47,48,194
1022,47,194,195
1023,154,155,212
1024,154,212,213
1025,47,48,155
1026,47,155,154
1027,48,194,212
1028,48,212,155
1029,194,195,213
1030,194,213,212
1031,195,47,154
1032,195,154,213
1033,48,49,195
1034,48,195,196
1035,155,156,213
1036,155,213,214
1037,48,49,156
1038,48,156,155
1039,49,195,213
1040,49,213,156
1041,195,196,214
1042,195,214,213
1043,196,48,155
1044,196,155,214
1045,49,50,196
1046,49,196,197
1047,156,157,214
1048,156,214,215
1049,49,50,157
1050,49,157,156
1051,50,196,214
1052,50,214,157
1053,196,197,215
1054,196,215,214
1055,197,49,156
1056,197,156,215
1057,50,93,197
1058,200,157,215
1059,50,93,157
1060,50,157,200
1061,93,197,215
1062,93,215,157
1063,197,50,200
1064,197,200,215
1065,93,94,200
1066,93,200,201
1067,157,158,215
1068,157,215,216
1069,93,94,158
1070,93,158,157
1071,94,200,215
1072,94,215,158
1073,200,201,216
1074,200,216,215
1075,201,93,157
1076,201,157,216
1077,94,95,201
1078,94,201,202
1079,158,159,216
1080,158,216,217
1081,94,95,159
1082,94,159,158
1083,95,201,216
1084,95,216,159
1085,201,202,217
1086,201,217,216
1087,202,94,158
1088,202,158,217
1089,95,96,202
1090,95,202,203
1091,159,160,217
1092,159,217,218
1093,95,96,160
1094,95,160,159
1095,96,202,217
1096,96,217,160
1097,202,203,218
1098,202,218,217
1099,203,95,159
1100,203,159,218
1101,96,97,203
1102,96,203,220
1103,160,161,218
1104,160,218,221
1105,96,97,161
1106,96,161,160
1107,97,203,218
1108,97,218,161
1109,203,220,221
1110,203,221,218
1111,220,96,160
1112,220,160,221
1113,97,98,220
1114,97,220,178
1115,161,162,221
1116,161,221,184
1117,97,98,162
1118,97,162,161
1119,98,220,221
1120,98,221,162
1121,220,178,184
1122,220,184,221
1123,178,97,161
1124,178,161,184
1125,98,99,178
1126,98,178,179
1127,162,163,184
1128,162,184,185
1129,98,99,163
1130,98,163,162
1131,99,178,184
1132,99,184,163
1133,178,179,185
1134,178,185,184
1135,179,98,162
1136,179,162,185
1137,99,100,179
1138,99,179,180
1139,163,150,185
1140,163,185,186
1141,99,100,150
1142,99,150,163
1143,100,179,185
1144,100,185,150
1145,179,180,186
1146,179,186,185
1147,180,99,163
1148,180,163,186
1149,100,181,187
1150,100,187,188
1151,100,150,188
1152,150,186,188
1153,180,181,186
1154,181,186,187
1155,186,187,188
1156,100,180,181
1157,100,180,186
1158,100,150,186
1159,100,101,181
1160,100,181,176
1161,188,173,187
1162,188,187,182
1163,100,101,173
1164,100,173,188
1165,101,181,187
1166,101,187,173
1167,181,176,182
1168,181,182,187
1169,176,100,188
1170,176,188,182
1171,50,51,197
1172,50,197,198
1173,93,106,200
1174,93,200,208
1175,50,51,106
1176,50,106,93
1177,51,197,200
1178,51,200,106
1179,197,198,208
1180,197,208,200
1181,198,50,93
1182,198,93,208
1183,51,52,198
1184,51,198,199
1185,106,105,208
1186,106,208,207
1187,51,52,105
1188,51,105,106
1189,52,198,208
1190,52,208,105
1191,198,199,207
1192,198,207,208
1193,199,51,106
1194,199,106,207
1195,52,53,199
1196,52,199,189
1197,105,104,207
1198,105,207,206
1199,52,53,104
1200,52,104,105
1201,53,199,207
1202,53,207,104
1203,199,189,206
1204,199,206,207
1205,189,52,105
1206,189,105,206
1207,53,170,189
1208,53,189,104
1209,53,170,206
1210,170,189,206
1211,189,104,206
1212,104,53,206
1213,53,54,170
1214,171,104,103
1215,53,54,104
1216,53,104,171
1217,54,170,103
1218,54,103,104
1219,170,53,171
1220,170,171,103
1221,54,55,171
1222,172,103,102
1223,54,55,103
1224,54,103,172
1225,55,171,102
1226,55,102,103
1227,171,54,172
1228,171,172,102
1229,55,56,172
1230,173,102,101
1231,55,56,102
1232,55,102,173
1233,56,172,101
1234,56,101,102
1235,172,55,173
1236,172,173,101
1237,56,43,173
1238,188,101,100
1239,56,43,101
1240,56,101,188
1241,43,173,100
1242,43,100,101
1243,173,56,188
1244,173,188,100
1245,56,167,168
1246,56,167,173
1247,56,168,174
1248,43,56,173
1249,43,56,168
1250,43,168,174
1251,43,174,188
1252,43,173,188
1253,173,174,188
1254,167,168,173
1255,168,173,174
1256,43,191,168
1257,188,209,174
1258,43,191,209
1259,43,209,188
1260,191,168,174
1261,191,174,209
1262,168,43,188
1263,168,188,174
1264,174,191,209
1265,174,190,191
1266,175,191,209
1267,175,190,191
1268,174,175,209
1269,168,174,175
1270,168,169,175
1271,169,175,190
1272,168,169,190
1273,168,174,190
1274,190,189,169
1275,164,175,170
1276,190,189,175
1277,190,175,164
1278,189,169,170
1279,189,170,175
1280,169,190,164
1281,169,164,170
1282,189,53,164
1283,189,53,170
1284,189,164,170
1285,53,164,170
1286,53,54,164
1287,165,170,171
1288,53,54,170
1289,53,170,165
1290,54,164,171
1291,54,171,170
1292,164,53,165
1293,164,165,171
1294,54,55,165
1295,166,171,172
1296,54,55,171
1297,54,171,166
1298,55,165,172
1299,55,172,171
1300,165,54,166
1301,165,166,172
1302,55,56,166
1303,167,172,173
1304,55,56,172
1305,55,172,167
1306,56,166,173
1307,56,173,172
1308,166,55,167
1309,166,167,173
1310,170,171,104
1311,103,206,205
1312,170,171,206
1313,170,206,103
1314,171,104,205
1315,171,205,206
1316,104,170,103
1317,104,103,205
1318,171,204,205
1319,171,204,219
1320,171,172,219
1321,102,172,219
1322,102,171,172
1323,102,103,219
1324,103,204,219
1325,103,204,205
1326,102,103,205
1327,102,171,205
1328,203,220,204
1329,203,204,102
1330,218,221,219
1331,218,219,172
1332,203,220,221
1333,203,221,218
1334,220,204,219
1335,220,219,221
1336,204,102,172
1337,204,172,219
1338,102,203,218
1339,102,218,172
1340,220,178,102
1341,220,102,177
1342,221,184,172
1343,221,172,183
1344,220,178,184
1345,220,184,221
1346,178,102,172
1347,178,172,184
1348,102,177,183
1349,102,183,172
1350,177,220,221
1351,177,221,183
1352,102,177,101
1353,102,101,176
1354,172,183,173
1355,172,173,182
1356,102,177,183
1357,102,183,172
1358,177,101,173
1359,177,173,183
1360,101,176,182
1361,101,182,173
1362,176,102,172
1363,176,172,182
1364,244,245,222
1365,244,222,223
1366,251,252,232
1367,251,232,233
1368,244,245,252
1369,244,252,251
1370,245,222,232
1371,245,232,252
1372,222,223,233
1373,222,233,232
1374,223,244,251
1375,223,251,233
1376,245,246,223
1377,245,223,224
1378,252,253,233
1379,252,233,234
1380,245,246,253
1381,245,253,252
1382,246,223,233
1383,246,233,253
1384,223,224,234
1385,223,234,233
1386,224,245,252
1387,224,252,234
1388,246,247,224
1389,246,224,225
1390,253,254,234
1391,253,234,235
1392,246,247,254
1393,246,254,253
1394,247,224,234
1395,247,234,254
1396,224,225,235
1397,224,235,234
1398,225,246,253
1399,225,253,235
1400,247,248,225
1401,247,225,226
1402,254,255,235
1403,254,235,236
1404,247,248,255
1405,247,255,254
1406,248,225,235
1407,248,235,255
1408,225,226,236
1409,225,236,235
1410,226,247,254
1411,226,254,236
1412,248,249,226
1413,248,226,227
1414,255,256,236
1415,255,236,237
1416,248,249,256
1417,248,256,255
1418,249,226,236
1419,249,236,256
1420,226,227,237
1421,226,237,236
1422,227,248,255
1423,227,255,237
1424,249,250,227
1425,249,227,242
1426,256,257,237
1427,256,237,243
1428,249,250,257
1429,249,257,256
1430,250,227,237
1431,250,237,257
1432,227,242,243
1433,227,243,237
1434,242,249,256
1435,242,256,243
1436,250,244,242
1437,250,242,222
1438,257,251,243
1439,257,243,232
1440,250,244,251
1441,250,251,257
1442,244,242,243
1443,244,243,251
1444,242,222,232
1445,242,232,243
1446,222,250,257
1447,222,257,232
1448,258,259,227
1449,258,227,228
1450,265,266,237
1451,265,237,238
1452,258,259,266
1453,258,266,265
1454,259,227,237
1455,259,237,266
1456,227,228,238
1457,227,238,237
1458,228,258,265
1459,228,265,238
1460,259,260,228
1461,259,228,229
1462,266,267,238
1463,266,238,239
1464,259,260,267
1465,259,267,266
1466,260,228,238
1467,260,238,267
1468,228,229,239
1469,228,239,238
1470,229,259,266
1471,229,266,239
1472,260,261,229
1473,260,229,230
1474,267,268,239
1475,267,239,240
1476,260,261,268
1477,260,268,267
1478,261,229,239
1479,261,239,268
1480,229,230,240
1481,229,240,239
1482,230,260,267
1483,230,267,240
1484,261,262,230
1485,261,230,231
1486,268,269,240
1487,268,240,241
1488,261,262,269
1489,261,269,268
1490,262,230,240
1491,262,240,269
1492,230,231,241
1493,230,241,240
1494,231,261,268
1495,231,268,241
1496,262,263,231
1497,262,231,222
1498,269,270,241
1499,269,241,232
1500,262,263,270
1501,262,270,269
1502,263,231,241
1503,263,241,270
1504,231,222,232
1505,231,232,241
1506,222,262,269
1507,222,269,232
1508,263,264,222
1509,263,222,242
1510,270,271,232
1511,270,232,243
1512,263,264,271
1513,263,271,270
1514,264,222,232
1515,264,232,271
1516,222,242,243
1517,222,243,232
1518,242,263,270
1519,242,270,243
1520,264,258,242
1521,264,242,227
1522,271,265,243
1523,271,243,237
1524,264,258,265
1525,264,265,271
1526,258,242,243
1527,258,243,265
1528,242,227,237
1529,242,237,243
1530,227,264,271
1531,227,271,237
1532,298,299,272
1533,298,272,273
1534,306,307,284
1535,306,284,285
1536,298,299,307
1537,298,307,306
1538,299,272,284
1539,299,284,307
1540,272,273,285
1541,272,285,284
1542,273,298,306
1543,273,306,285
1544,299,300,273
1545,299,273,274
1546,307,308,285
1547,307,285,286
1548,299,300,308
1549,299,308,307
1550,300,273,285
1551,300,285,308
1552,273,274,286
1553,273,286,285
1554,274,299,307
1555,274,307,286
1556,300,301,274
1557,300,274,275
1558,308,309,286
1559,308,286,287
1560,300,301,309
1561,300,309,308
1562,301,274,286
1563,301,286,309
1564,274,275,287
1565,274,287,286
1566,275,300,308
1567,275,308,287
1568,301,302,275
1569,301,275,276
1570,309,310,287
1571,309,287,288
1572,301,302,310
1573,301,310,309
1574,302,275,287
1575,302,287,310
1576,275,276,288
1577,275,288,287
1578,276,301,309
1579,276,309,288
1580,302,303,276
1581,302,276,277
1582,310,311,288
1583,310,288,289
1584,302,303,311
1585,302,311,310
1586,303,276,288
1587,303,288,311
1588,276,277,289
1589,276,289,288
1590,277,302,310
1591,277,310,289
1592,303,304,277
1593,303,277,278
1594,311,312,289
1595,311,289,290
1596,303,304,312
1597,303,312,311
1598,304,277,289
1599,304,289,312
1600,277,278,290
1601,277,290,289
1602,278,303,311
1603,278,311,290
1604,304,305,278
1605,304,278,296
1606,312,313,290
1607,312,290,297
1608,304,305,313
1609,304,313,312
1610,305,278,290
1611,305,290,313
1612,278,296,297
1613,278,297,290
1614,296,304,312
1615,296,312,297
1616,305,298,296
1617,305,296,272
1618,313,306,297
1619,313,297,284
1620,305,298,306
1621,305,306,313
1622,298,296,297
1623,298,297,306
1624,296,272,284
1625,296,284,297
1626,272,305,313
1627,272,313,284
1628,314,315,278
1629,314,278,279
1630,322,323,290
1631,322,290,291
1632,314,315,323
1633,314,323,322
1634,315,278,290
1635,315,290,323
1636,278,279,291
1637,278,291,290
1638,279,314,322
1639,279,322,291
1640,315,316,279
1641,315,279,280
1642,323,324,291
1643,323,291,292
1644,315,316,324
1645,315,324,323
1646,316,279,291
1647,316,291,324
1648,279,280,292
1649,279,292,291
1650,280,315,323
1651,280,323,292
1652,316,317,280
1653,316,280,281
1654,324,325,292
1655,324,292,293
1656,316,317,325
1657,316,325,324
1658,317,280,292
1659,317,292,325
1660,280,281,293
1661,280,293,292
1662,281,316,324
1663,281,324,293
1664,317,318,281
1665,317,281,282
1666,325,326,293
1667,325,293,294
1668,317,318,326
1669,317,326,325
1670,318,281,293
1671,318,293,326
1672,281,282,294
1673,281,294,293
1674,282,317,325
1675,282,325,294
1676,318,319,282
1677,318,282,283
1678,326,327,294
1679,326,294,295
1680,318,319,327
1681,318,327,326
1682,319,282,294
1683,319,294,327
1684,282,283,295
1685,282,295,294
1686,283,318,326
1687,283,326,295
1688,319,320,283
1689,319,283,272
1690,327,328,295
1691,327,295,284
1692,319,320,328
1693,319,328,327
1694,320,283,295
1695,320,295,328
1696,283,272,284
1697,283,284,295
1698,272,319,327
1699,272,327,284
1700,320,321,272
1701,320,272,296
1702,328,329,284
1703,328,284,297
1704,320,321,329
1705,320,329,328
1706,321,272,284
1707,321,284,329
1708,272,296,297
1709,272,297,284
1710,296,320,328
1711,296,328,297
1712,321,314,296
1713,321,296,278
1714,329,322,297
1715,329,297,290
1716,321,314,322
1717,321,322,329
1718,314,296,297
1719,314,297,322
1720,296,278,290
1721,296,290,297
1722,278,321,329
1723,278,329,290
1724,347,330,383
1725,374,350,364
1726,347,330,350
1727,347,350,374
1728,330,383,364
1729,330,364,350
1730,383,347,374
1731,383,374,364
1732,330,331,374
1733,330,374,409
1734,350,351,364
1735,350,364,414
1736,330,331,351
1737,330,351,350
1738,331,374,364
1739,331,364,351
1740,374,409,414
1741,374,414,364
1742,409,330,350
1743,409,350,414
1744,334,335,410
1745,334,410,411
1746,354,355,415
1747,354,415,416
1748,334,335,355
1749,334,355,354
1750,335,410,415
1751,335,415,355
1752,410,411,416
1753,410,416,415
1754,411,334,354
1755,411,354,416
1756,335,336,411
1757,335,411,412
1758,355,356,416
1759,355,416,417
1760,335,336,356
1761,335,356,355
1762,336,411,416
1763,336,416,356
1764,411,412,417
1765,411,417,416
1766,412,335,355
1767,412,355,417
1768,336,337,412
1769,336,412,413
1770,356,357,417
1771,356,417,418
1772,336,337,357
1773,336,357,356
1774,337,412,417
1775,337,417,357
1776,412,413,418
1777,412,418,417
1778,413,336,356
1779,413,356,418
1780,337,338,413
1781,337,413,371
1782,357,358,418
1783,357,418,370
1784,337,338,358
1785,337,358,357
1786,338,413,418
1787,338,418,358
1788,413,371,370
1789,413,370,418
1790,371,337,357
1791,371,357,370
1792,338,341,371
1793,380,358,370
1794,338,341,358
1795,338,358,380
1796,341,371,370
1797,341,370,358
1798,371,338,380
1799,371,380,370
1800,341,342,380
1801,341,380,419
1802,358,359,370
1803,358,370,422
1804,341,342,359
1805,341,359,358
1806,342,380,370
1807,342,370,359
1808,380,419,422
1809,380,422,370
1810,419,341,358
1811,419,358,422
1812,342,343,419
1813,342,419,420
1814,359,360,422
1815,359,422,423
1816,342,343,360
1817,342,360,359
1818,343,419,422
1819,343,422,360
1820,419,420,423
1821,419,423,422
1822,420,342,359
1823,420,359,423
1824,343,344,420
1825,343,420,421
1826,360,361,423
1827,360,423,424
1828,343,344,361
1829,343,361,360
1830,344,420,423
1831,344,423,361
1832,420,421,424
1833,420,424,423
1834,421,343,360
1835,421,360,424
1836,346,347,443
1837,346,443,383
1838,363,350,449
1839,363,449,364
1840,346,347,350
1841,346,350,363
1842,347,443,449
1843,347,449,350
1844,443,383,364
1845,443,364,449
1846,383,346,363
1847,383,363,364
1848,374,409,375
1849,374,375,439
1850,364,414,365
1851,364,365,440
1852,374,409,414
1853,374,414,364
1854,409,375,365
1855,409,365,414
1856,375,439,440
1857,375,440,365
1858,439,374,364
1859,439,364,440
1860,409,425,439
1861,409,439,429
1862,414,427,440
1863,414,440,434
1864,409,425,427
1865,409,427,414
1866,425,439,440
1867,425,440,427
1868,439,429,434
1869,439,434,440
1870,429,409,414
1871,429,414,434
1872,379,441,371
1873,379,371,413
1874,369,442,370
1875,369,370,418
1876,379,441,442
1877,379,442,369
1878,441,371,370
1879,441,370,442
1880,371,413,418
1881,371,418,370
1882,413,379,369
1883,413,369,418
1884,441,433,413
1885,441,413,412
1886,442,438,418
1887,442,418,417
1888,441,433,438
1889,441,438,442
1890,433,413,418
1891,433,418,438
1892,413,412,417
1893,413,417,418
1894,412,441,442
1895,412,442,417
1896,338,339,371
1897,338,371,372
1898,341,349,380
1899,341,380,381
1900,338,339,349
1901,338,349,341
1902,339,371,380
1903,339,380,349
1904,371,372,381
1905,371,381,380
1906,372,338,341
1907,372,341,381
1908,339,340,372
1909,339,372,373
1910,349,348,381
1911,349,381,382
1912,339,340,348
1913,339,348,349
1914,340,372,381
1915,340,381,348
1916,372,373,382
1917,372,382,381
1918,373,339,349
1919,373,349,382
1920,340,330,373
1921,340,373,374
1922,348,347,382
1923,348,382,383
1924,340,330,347
1925,340,347,348
1926,330,373,382
1927,330,382,347
1928,373,374,383
1929,373,383,382
1930,374,340,348
1931,374,348,383
1932,390,391,389
1933,400,401,399
1934,390,391,401
1935,390,401,400
1936,391,389,399
1937,391,399,401
1938,389,390,400
1939,389,400,399
1940,391,392,389
1941,401,402,399
1942,391,392,402
1943,391,402,401
1944,392,389,399
1945,392,399,402
1946,389,391,401
1947,389,401,399
1948,392,393,389
1949,402,403,399
1950,392,393,403
1951,392,403,402
1952,393,389,399
1953,393,399,403
1954,389,392,402
1955,389,402,399
1956,393,394,389
1957,403,404,399
1958,393,394,404
1959,393,404,403
1960,394,389,399
1961,394,399,404
1962,389,393,403
1963,389,403,399
1964,394,395,389
1965,404,405,399
1966,394,395,405
1967,394,405,404
1968,395,389,399
1969,395,399,405
1970,389,394,404
1971,389,404,399
1972,395,396,389
1973,405,406,399
1974,395,396,406
1975,395,406,405
1976,396,389,399
1977,396,399,406
1978,389,395,405
1979,389,405,399
1980,396,397,389
1981,406,407,399
1982,396,397,407
1983,396,407,406
1984,397,389,399
1985,397,399,407
1986,389,396,406
1987,389,406,399
1988,397,398,389
1989,407,408,399
1990,397,398,408
1991,397,408,407
1992,398,389,399
1993,398,399,408
1994,389,397,407
1995,389,407,399
1996,398,390,389
1997,408,400,399
1998,398,390,400
1999,398,400,408
2000,390,389,399
2001,390,399,400
2002,389,398,408
2003,389,408,399
2004,371,372,390
2005,371,390,391
2006,380,381,400
2007,380,400,401
2008,371,372,381
2009,371,381,380
2010,372,390,400
2011,372,400,381
2012,390,391,401
2013,390,401,400
2014,391,371,380
2015,391,380,401
2016,372,373,391
2017,372,391,392
2018,381,382,401
2019,381,401,402
2020,372,373,382
2021,372,382,381
2022,373,391,401
2023,373,401,382
2024,391,392,402
2025,391,402,401
2026,392,372,381
2027,392,381,402
2028,373,374,392
2029,373,392,393
2030,382,383,402
2031,382,402,403
2032,373,374,383
2033,373,383,382
2034,374,392,402
2035,374,402,383
2036,392,393,403
2037,392,403,402
2038,393,373,382
2039,393,382,403
2040,374,375,393
2041,374,393,394
2042,383,384,403
2043,383,403,404
2044,374,375,384
2045,374,384,383
2046,375,393,403
2047,375,403,384
2048,393,394,404
2049,393,404,403
2050,394,374,383
2051,394,383,404
2052,375,376,394
2053,375,394,395
2054,384,385,404
2055,384,404,405
2056,375,376,385
2057,375,385,384
2058,376,394,404
2059,376,404,385
2060,394,395,405
2061,394,405,404
2062,395,375,384
2063,395,384,405
2064,376,377,395
2065,376,395,396
2066,385,386,405
2067,385,405,406
2068,376,377,386
2069,376,386,385
2070,377,395,405
2071,377,405,386
2072,395,396,406
2073,395,406,405
2074,396,376,385
2075,396,385,406
2076,377,378,396
2077,377,396,397
2078,386,387,406
2079,386,406,407
2080,377,378,387
2081,377,387,386
2082,378,396,406
2083,378,406,387
2084,396,397,407
2085,396,407,406
2086,397,377,386
2087,397,386,407
2088,378,379,397
2089,378,397,398
2090,387,388,407
2091,387,407,408
2092,378,379,388
2093,378,388,387
2094,379,397,407
2095,379,407,388
2096,397,398,408
2097,397,408,407
2098,398,378,387
2099,398,387,408
2100,379,371,398
2101,379,398,390
2102,388,380,408
2103,388,408,400
2104,379,371,380
2105,379,380,388
2106,371,398,408
2107,371,408,380
2108,398,390,400
2109,398,400,408
2110,390,379,388
2111,390,388,400
2112,364,365,374
2113,375,383,384
2114,364,365,383
2115,364,383,375
2116,365,374,384
2117,365,384,383
2118,374,364,375
2119,374,375,384
2120,365,366,375
2121,376,384,385
2122,365,366,384
2123,365,384,376
2124,366,375,385
2125,366,385,384
2126,375,365,376
2127,375,376,385
2128,366,367,376
2129,377,385,386
2130,366,367,385
2131,366,385,377
2132,367,376,386
2133,367,386,385
2134,376,366,377
2135,376,377,386
2136,367,368,377
2137,378,386,387
2138,367,368,386
2139,367,386,378
2140,368,377,387
2141,368,387,386
2142,377,367,378
2143,377,378,387
2144,368,369,378
2145,379,387,388
2146,368,369,387
2147,368,387,379
2148,369,378,388
2149,369,388,387
2150,378,368,379
2151,378,379,388
2152,369,370,379
2153,371,388,380
2154,369,370,388
2155,369,388,371
2156,370,379,380
2157,370,380,388
2158,379,369,371
2159,379,371,380
2160,222,223,473
2161,222,473,474
2162,232,233,483
2163,232,483,484
2164,222,223,233
2165,222,233,232
2166,223,473,483
2167,223,483,233
2168,473,474,484
2169,473,484,483
2170,474,222,232
2171,474,232,484
2172,223,224,474
2173,223,474,475
2174,233,234,484
2175,233,484,485
2176,223,224,234
2177,223,234,233
2178,224,474,484
2179,224,484,234
2180,474,475,485
2181,474,485,484
2182,475,223,233
2183,475,233,485
2184,224,225,475
2185,224,475,476
2186,234,235,485
2187,234,485,486
2188,224,225,235
2189,224,235,234
2190,225,475,485
2191,225,485,235
2192,475,476,486
2193,475,486,485
2194,476,224,234
2195,476,234,486
2196,225,226,476
2197,225,476,477
2198,235,236,486
2199,235,486,487
2200,225,226,236
2201,225,236,235
2202,226,476,486
2203,226,486,236
2204,476,477,487
2205,476,487,486
2206,477,225,235
2207,477,235,487
2208,226,227,477
2209,226,477,478
2210,236,237,487
2211,236,487,488
2212,226,227,237
2213,226,237,236
2214,227,477,487
2215,227,487,237
2216,477,478,488
2217,477,488,487
2218,478,226,236
2219,478,236,488
2220,227,228,478
2221,227,478,479
2222,237,238,488
2223,237,488,489
2224,227,228,238
2225,227,238,237
2226,228,478,488
2227,228,488,238
2228,478,479,489
2229,478,489,488
2230,479,227,237
2231,479,237,489
2232,228,229,479
2233,228,479,480
2234,238,239,489
2235,238,489,490
2236,228,229,239
2237,228,239,238
2238,229,479,489
2239,229,489,239
2240,479,480,490
2241,479,490,489
2242,480,228,238
2243,480,238,490
2244,229,230,480
2245,229,480,481
2246,239,240,490
2247,239,490,491
2248,229,230,240
2249,229,240,239
2250,230,480,490
2251,230,490,240
2252,480,481,491
2253,480,491,490
2254,481,229,239
2255,481,239,491
2256,230,231,481
2257,230,481,482
2258,240,241,491
2259,240,491,492
2260,230,231,241
2261,230,241,240
2262,231,481,491
2263,231,491,241
2264,481,482,492
2265,481,492,491
2266,482,230,240
2267,482,240,492
2268,231,222,482
2269,231,482,473
2270,241,232,492
2271,241,492,483
2272,231,222,232
2273,231,232,241
2274,222,482,492
2275,222,492,232
2276,482,473,483
2277,482,483,492
2278,473,231,241
2279,473,241,483
2280,473,474,431
2281,473,431,432
2282,483,484,436
2283,483,436,437
2284,473,474,484
2285,473,484,483
2286,474,431,436
2287,474,436,484
2288,431,432,437
2289,431,437,436
2290,432,473,483
2291,432,483,437
2292,474,475,432
2293,474,432,433
2294,484,485,437
2295,484,437,438
2296,474,475,485
2297,474,485,484
2298,475,432,437
2299,475,437,485
2300,432,433,438
2301,432,438,437
2302,433,474,484
2303,433,484,438
2304,475,476,433
2305,475,433,412
2306,485,486,438
2307,485,438,417
2308,475,476,486
2309,475,486,485
2310,476,433,438
2311,476,438,486
2312,433,412,417
2313,433,417,438
2314,412,475,485
2315,412,485,417
2316,476,477,412
2317,476,412,411
2318,486,487,417
2319,486,417,416
2320,476,477,487
2321,476,487,486
2322,477,412,417
2323,477,417,487
2324,412,411,416
2325,412,416,417
2326,411,476,486
2327,411,486,416
2328,477,478,411
2329,477,411,410
2330,487,488,416
2331,487,416,415
2332,477,478,488
2333,477,488,487
2334,478,411,416
2335,478,416,488
2336,411,410,415
2337,411,415,416
2338,410,477,487
2339,410,487,415
2340,478,479,410
2341,478,410,426
2342,488,489,415
2343,488,415,428
2344,478,479,489
2345,478,489,488
2346,479,410,415
2347,479,415,489
2348,410,426,428
2349,410,428,415
2350,426,478,488
2351,426,488,428
2352,479,480,426
2353,479,426,425
2354,489,490,428
2355,489,428,427
2356,479,480,490
2357,479,490,489
2358,480,426,428
2359,480,428,490
2360,426,425,427
2361,426,427,428
2362,425,479,489
2363,425,489,427
2364,480,481,425
2365,480,425,429
2366,490,491,427
2367,490,427,434
2368,480,481,491
2369,480,491,490
2370,481,425,427
2371,481,427,491
2372,425,429,434
2373,425,434,427
2374,429,480,490
2375,429,490,434
2376,481,482,429
2377,481,429,430
2378,491,492,434
2379,491,434,435
2380,481,482,492
2381,481,492,491
2382,482,429,434
2383,482,434,492
2384,429,430,435
2385,429,435,434
2386,430,481,491
2387,430,491,435
2388,482,473,430
2389,482,430,431
2390,492,483,435
2391,492,435,436
2392,482,473,483
2393,482,483,492
2394,473,430,435
2395,473,435,483
2396,430,431,436
2397,430,436,435
2398,431,482,492
2399,431,492,436
2400,272,273,493
2401,272,493,494
2402,284,285,505
2403,284,505,506
2404,272,273,285
2405,272,285,284
2406,273,493,505
2407,273,505,285
2408,493,494,506
2409,493,506,505
2410,494,272,284
2411,494,284,506
2412,273,274,494
2413,273,494,495
2414,285,286,506
2415,285,506,507
2416,273,274,286
2417,273,286,285
2418,274,494,506
2419,274,506,286
2420,494,495,507
2421,494,507,506
2422,495,273,285
2423,495,285,507
2424,274,275,495
2425,274,495,496
2426,286,287,507
2427,286,507,508
2428,274,275,287
2429,274,287,286
2430,275,495,507
2431,275,507,287
2432,495,496,508
2433,495,508,507
2434,496,274,286
2435,496,286,508
2436,275,276,496
2437,275,496,497
2438,287,288,508
2439,287,508,509
2440,275,276,288
2441,275,288,287
2442,276,496,508
2443,276,508,288
2444,496,497,509
2445,496,509,508
2446,497,275,287
2447,497,287,509
2448,276,277,497
2449,276,497,498
2450,288,289,509
2451,288,509,510
2452,276,277,289
2453,276,289,288
2454,277,497,509
2455,277,509,289
2456,497,498,510
2457,497,510,509
2458,498,276,288
2459,498,288,510
2460,277,278,498
2461,277,498,499
2462,289,290,510
2463,289,510,511
2464,277,278,290
2465,277,290,289
2466,278,498,510
2467,278,510,290
2468,498,499,511
2469,498,511,510
2470,499,277,289
2471,499,289,511
2472,278,279,499
2473,278,499,500
2474,290,291,511
2475,290,511,512
2476,278,279,291
2477,278,291,290
2478,279,499,511
2479,279,511,291
2480,499,500,512
2481,499,512,511
2482,500,278,290
2483,500,290,512
2484,279,280,500
2485,279,500,501
2486,291,292,512
2487,291,512,513
2488,279,280,292
2489,279,292,291
2490,280,500,512
2491,280,512,292
2492,500,501,513
2493,500,513,512
2494,501,279,291
2495,501,291,513
2496,280,281,501
2497,280,501,502
2498,292,293,513
2499,292,513,514
2500,280,281,293
2501,280,293,292
2502,281,501,513
2503,281,513,293
2504,501,502,514
2505,501,514,513
2506,502,280,292
2507,502,292,514
2508,281,282,502
2509,281,502,503
2510,293,294,514
2511,293,514,515
2512,281,282,294
2513,281,294,293
2514,282,502,514
2515,282,514,294
2516,502,503,515
2517,502,515,514
2518,503,281,293
2519,503,293,515
2520,282,283,503
2521,282,503,504
2522,294,295,515
2523,294,515,516
2524,282,283,295
2525,282,295,294
2526,283,503,515
2527,283,515,295
2528,503,504,516
2529,503,516,515
2530,504,282,294
2531,504,294,516
2532,283,272,504
2533,283,504,493
2534,295,284,516
2535,295,516,505
2536,283,272,284
2537,283,284,295
2538,272,504,516
2539,272,516,284
2540,504,493,505
2541,504,505,516
2542,493,283,295
2543,493,295,505
2544,493,494,377
2545,493,377,378
2546,505,506,367
2547,505,367,368
2548,493,494,506
2549,493,506,505
2550,494,377,367
2551,494,367,506
2552,377,378,368
2553,377,368,367
2554,378,493,505
2555,378,505,368
2556,494,495,378
2557,494,378,379
2558,506,507,368
2559,506,368,369
2560,494,495,507
2561,494,507,506
2562,495,378,368
2563,495,368,507
2564,378,379,369
2565,378,369,368
2566,379,494,506
2567,379,506,369
2568,495,496,379
2569,495,379,441
2570,507,508,369
2571,507,369,442
2572,495,496,508
2573,495,508,507
2574,496,379,369
2575,496,369,508
2576,379,441,442
2577,379,442,369
2578,441,495,507
2579,441,507,442
2580,496,497,441
2581,496,441,433
2582,508,509,442
2583,508,442,438
2584,496,497,509
2585,496,509,508
2586,497,441,442
2587,497,442,509
2588,441,433,438
2589,441,438,442
2590,433,496,508
2591,433,508,438
2592,497,498,433
2593,497,433,432
2594,509,510,438
2595,509,438,437
2596,497,498,510
2597,497,510,509
2598,498,433,438
2599,498,438,510
2600,433,432,437
2601,433,437,438
2602,432,497,509
2603,432,509,437
2604,498,499,432
2605,498,432,431
2606,510,511,437
2607,510,437,436
2608,498,499,511
2609,498,511,510
2610,499,432,437
2611,499,437,511
2612,432,431,436
2613,432,436,437
2614,431,498,510
2615,431,510,436
2616,499,500,431
2617,499,431,430
2618,511,512,436
2619,511,436,435
2620,499,500,512
2621,499,512,511
2622,500,431,436
2623,500,436,512
2624,431,430,435
2625,431,435,436
2626,430,499,511
2627,430,511,435
2628,500,501,430
2629,500,430,429
2630,512,513,435
2631,512,435,434
2632,500,501,513
2633,500,513,512
2634,501,430,435
2635,501,435,513
2636,430,429,434
2637,430,434,435
2638,429,500,512
2639,429,512,434
2640,501,502,429
2641,501,429,439
2642,513,514,434
2643,513,434,440
2644,501,502,514
2645,501,514,513
2646,502,429,434
2647,502,434,514
2648,429,439,440
2649,429,440,434
2650,439,501,513
2651,439,513,440
2652,502,503,439
2653,502,439,375
2654,514,515,440
2655,514,440,365
2656,502,503,515
2657,502,515,514
2658,503,439,440
2659,503,440,515
2660,439,375,365
2661,439,365,440
2662,375,502,514
2663,375,514,365
2664,503,504,375
2665,503,375,376
2666,515,516,365
2667,515,365,366
2668,503,504,516
2669,503,516,515
2670,504,375,365
2671,504,365,516
2672,375,376,366
2673,375,366,365
2674,376,503,515
2675,376,515,366
2676,504,493,376
2677,504,376,377
2678,516,505,366
2679,516,366,367
2680,504,493,505
2681,504,505,516
2682,493,376,366
2683,493,366,505
2684,376,377,367
2685,376,367,366
2686,377,504,516
2687,377,516,367
2688,517,518,526
2689,517,526,527
2690,535,536,544
2691,535,544,545
2692,517,518,536
2693,517,536,535
2694,518,526,544
2695,518,544,536
2696,526,527,545
2697,526,545,544
2698,527,517,535
2699,527,535,545
2700,518,519,527
2701,518,527,528
2702,536,537,545
2703,536,545,546
2704,518,519,537
2705,518,537,536
2706,519,527,545
2707,519,545,537
2708,527,528,546
2709,527,546,545
2710,528,518,536
2711,528,536,546
2712,519,520,528
2713,519,528,529
2714,537,538,546
2715,537,546,547
2716,519,520,538
2717,519,538,537
2718,520,528,546
2719,520,546,538
2720,528,529,547
2721,528,547,546
2722,529,519,537
2723,529,537,547
2724,520,521,529
2725,520,529,530
2726,538,539,547
2727,538,547,548
2728,520,521,539
2729,520,539,538
2730,521,529,547
2731,521,547,539
2732,529,530,548
2733,529,548,547
2734,530,520,538
2735,530,538,548
2736,521,522,530
2737,521,530,531
2738,539,540,548
2739,539,548,549
2740,521,522,540
2741,521,540,539
2742,522,530,548
2743,522,548,540
2744,530,531,549
2745,530,549,548
2746,531,521,539
2747,531,539,549
2748,522,523,531
2749,522,531,532
2750,540,541,549
2751,540,549,550
2752,522,523,541
2753,522,541,540
2754,523,531,549
2755,523,549,541
2756,531,532,550
2757,531,550,549
2758,532,522,540
2759,532,540,550
2760,523,524,532
2761,523,532,533
2762,541,542,550
2763,541,550,551
2764,523,524,542
2765,523,542,541
2766,524,532,550
2767,524,550,542
2768,532,533,551
2769,532,551,550
2770,533,523,541
2771,533,541,551
2772,524,525,533
2773,524,533,534
2774,542,543,551
2775,542,551,552
2776,524,525,543
2777,524,543,542
2778,525,533,551
2779,525,551,543
2780,533,534,552
2781,533,552,551
2782,534,524,542
2783,534,542,552
2784,525,517,534
2785,525,534,526
2786,543,535,552
2787,543,552,544
2788,525,517,535
2789,525,535,543
2790,517,534,552
2791,517,552,535
2792,534,526,544
2793,534,544,552
2794,526,525,543
2795,526,543,544
2796,526,527,380
2797,526,380,388
2798,544,545,370
2799,544,370,369
2800,526,527,545
2801,526,545,544
2802,527,380,370
2803,527,370,545
2804,380,388,369
2805,380,369,370
2806,388,526,544
2807,388,544,369
2808,527,528,388
2809,527,388,387
2810,545,546,369
2811,545,369,368
2812,527,528,546
2813,527,546,545
2814,528,388,369
2815,528,369,546
2816,388,387,368
2817,388,368,369
2818,387,527,545
2819,387,545,368
2820,528,529,387
2821,528,387,386
2822,546,547,368
2823,546,368,367
2824,528,529,547
2825,528,547,546
2826,529,387,368
2827,529,368,547
2828,387,386,367
2829,387,367,368
2830,386,528,546
2831,386,546,367
2832,529,530,386
2833,529,386,455
2834,547,548,367
2835,547,367,456
2836,529,530,548
2837,529,548,547
2838,530,386,367
2839,530,367,548
2840,386,455,456
2841,386,456,367
2842,455,529,547
2843,455,547,456
2844,530,531,455
2845,530,455,446
2846,548,549,456
2847,548,456,452
2848,530,531,549
2849,530,549,548
2850,531,455,456
2851,531,456,549
2852,455,446,452
2853,455,452,456
2854,446,530,548
2855,446,548,452
2856,531,532,446
2857,531,446,447
2858,549,550,452
2859,549,452,453
2860,531,532,550
2861,531,550,549
2862,532,446,452
2863,532,452,550
2864,446,447,453
2865,446,453,452
2866,447,531,549
2867,447,549,453
2868,532,533,447
2869,532,447,448
2870,550,551,453
2871,550,453,454
2872,532,533,551
2873,532,551,550
2874,533,447,453
2875,533,453,551
2876,447,448,454
2877,447,454,453
2878,448,532,550
2879,448,550,454
2880,533,534,448
2881,533,448,419
2882,551,552,454
2883,551,454,422
2884,533,534,552
2885,533,552,551
2886,534,448,454
2887,534,454,552
2888,448,419,422
2889,448,422,454
2890,419,533,551
2891,419,551,422
2892,534,526,419
2893,534,419,380
2894,552,544,422
2895,552,422,370
2896,534,526,544
2897,534,544,552
2898,526,419,422
2899,526,422,544
2900,419,380,370
2901,419,370,422
2902,380,534,552
2903,380,552,370
2904,553,554,562
2905,553,562,563
2906,571,572,580
2907,571,580,581
2908,553,554,572
2909,553,572,571
2910,554,562,580
2911,554,580,572
2912,562,563,581
2913,562,581,580
2914,563,553,571
2915,563,571,581
2916,554,555,563
2917,554,563,564
2918,572,573,581
2919,572,581,582
2920,554,555,573
2921,554,573,572
2922,555,563,581
2923,555,581,573
2924,563,564,582
2925,563,582,581
2926,564,554,572
2927,564,572,582
2928,555,556,564
2929,555,564,565
2930,573,574,582
2931,573,582,583
2932,555,556,574
2933,555,574,573
2934,556,564,582
2935,556,582,574
2936,564,565,583
2937,564,583,582
2938,565,555,573
2939,565,573,583
2940,556,557,565
2941,556,565,566
2942,574,575,583
2943,574,583,584
2944,556,557,575
2945,556,575,574
2946,557,565,583
2947,557,583,575
2948,565,566,584
2949,565,584,583
2950,566,556,574
2951,566,574,584
2952,557,558,566
2953,557,566,567
2954,575,576,584
2955,575,584,585
2956,557,558,576
2957,557,576,575
2958,558,566,584
2959,558,584,576
2960,566,567,585
2961,566,585,584
2962,567,557,575
2963,567,575,585
2964,558,559,567
2965,558,567,568
2966,576,577,585
2967,576,585,586
2968,558,559,577
2969,558,577,576
2970,559,567,585
2971,559,585,577
2972,567,568,586
2973,567,586,585
2974,568,558,576
2975,568,576,586
2976,559,560,568
2977,559,568,569
2978,577,578,586
2979,577,586,587
2980,559,560,578
2981,559,578,577
2982,560,568,586
2983,560,586,578
2984,568,569,587
2985,568,587,586
2986,569,559,577
2987,569,577,587
2988,560,561,569
2989,560,569,570
2990,578,579,587
2991,578,587,588
2992,560,561,579
2993,560,579,578
2994,561,569,587
2995,561,587,579
2996,569,570,588
2997,569,588,587
2998,570,560,578
2999,570,578,588
3000,561,553,570
3001,561,570,562
3002,579,571,588
3003,579,588,580
3004,561,553,571
3005,561,571,579
3006,553,570,588
3007,553,588,571
3008,570,562,580
3009,570,580,588
3010,562,561,579
3011,562,579,580
3012,562,563,386
3013,562,386,385
3014,580,581,367
3015,580,367,366
3016,562,563,581
3017,562,581,580
3018,563,386,367
3019,563,367,581
3020,386,385,366
3021,386,366,367
3022,385,562,580
3023,385,580,366
3024,563,564,385
3025,563,385,384
3026,581,582,366
3027,581,366,365
3028,563,564,582
3029,563,582,581
3030,564,385,366
3031,564,366,582
3032,385,384,365
3033,385,365,366
3034,384,563,581
3035,384,581,365
3036,564,565,384
3037,564,384,383
3038,582,583,365
3039,582,365,364
3040,564,565,583
3041,564,583,582
3042,565,384,365
3043,565,365,583
3044,384,383,364
3045,384,364,365
3046,383,564,582
3047,383,582,364
3048,565,566,383
3049,565,383,443
3050,583,584,364
3051,583,364,449
3052,565,566,584
3053,565,584,583
3054,566,383,364
3055,566,364,584
3056,383,443,449
3057,383,449,364
3058,443,565,583
3059,443,583,449
3060,566,567,443
3061,566,443,444
3062,584,585,449
3063,584,449,450
3064,566,567,585
3065,566,585,584
3066,567,443,449
3067,567,449,585
3068,443,444,450
3069,443,450,449
3070,444,566,584
3071,444,584,450
3072,567,568,444
3073,567,444,445
3074,585,586,450
3075,585,450,451
3076,567,568,586
3077,567,586,585
3078,568,444,450
3079,568,450,586
3080,444,445,451
3081,444,451,450
3082,445,567,585
3083,445,585,451
3084,568,569,445
3085,568,445,446
3086,586,587,451
3087,586,451,452
3088,568,569,587
3089,568,587,586
3090,569,445,451
3091,569,451,587
3092,445,446,452
3093,445,452,451
3094,446,568,586
3095,446,586,452
3096,569,570,446
3097,569,446,455
3098,587,588,452
3099,587,452,456
3100,569,570,588
3101,569,588,587
3102,570,446,452
3103,570,452,588
3104,446,455,456
3105,446,456,452
3106,455,569,587
3107,455,587,456
3108,570,562,455
3109,570,455,386
3110,588,580,456
3111,588,456,367
3112,570,562,580
3113,570,580,588
3114,562,455,456
3115,562,456,580
3116,455,386,367
3117,455,367,456
3118,386,570,588
3119,386,588,367
3120,409,331,595
3121,409,595,596
3122,414,351,603
3123,414,603,604
3124,409,331,351
3125,409,351,414
3126,331,595,603
3127,331,603,351
3128,595,596,604
3129,595,604,603
3130,596,409,414
3131,596,414,604
3132,331,332,596
3133,331,596,597
3134,351,352,604
3135,351,604,605
3136,331,332,352
3137,331,352,351
3138,332,596,604
3139,332,604,352
3140,596,597,605
3141,596,605,604
3142,597,331,351
3143,597,351,605
3144,332,333,597
3145,332,597,598
3146,352,353,605
3147,352,605,606
3148,332,333,353
3149,332,353,352
3150,333,597,605
3151,333,605,353
3152,597,598,606
3153,597,606,605
3154,598,332,352
3155,598,352,606
3156,333,334,598
3157,333,598,599
3158,353,354,606
3159,353,606,607
3160,333,334,354
3161,333,354,353
3162,334,598,606
3163,334,606,354
3164,598,599,607
3165,598,607,606
3166,599,333,353
3167,599,353,607
3168,334,410,599
3169,334,599,600
3170,354,415,607
3171,354,607,608
3172,334,410,415
3173,334,415,354
3174,410,599,607
3175,410,607,415
3176,599,600,608
3177,599,608,607
3178,600,334,354
3179,600,354,608
3180,410,426,600
3181,410,600,601
3182,415,428,608
3183,415,608,609
3184,410,426,428
3185,410,428,415
3186,426,600,608
3187,426,608,428
3188,600,601,609
3189,600,609,608
3190,601,410,415
3191,601,415,609
3192,426,425,601
3193,426,601,602
3194,428,427,609
3195,428,609,610
3196,426,425,427
3197,426,427,428
3198,425,601,609
3199,425,609,427
3200,601,602,610
3201,601,610,609
3202,602,426,428
3203,602,428,610
3204,425,409,602
3205,425,602,595
3206,427,414,610
3207,427,610,603
3208,425,409,414
3209,425,414,427
3210,409,602,610
3211,409,610,414
3212,602,595,603
3213,602,603,610
3214,595,425,427
3215,595,427,603
3216,595,596,589
3217,595,589,589
3218,603,604,592
3219,603,592,592
3220,595,596,604
3221,595,604,603
3222,596,589,592
3223,596,592,604
3224,589,589,592
3225,589,592,592
3226,589,595,603
3227,589,603,592
3228,596,597,589
3229,596,589,589
3230,604,605,592
3231,604,592,592
3232,596,597,605
3233,596,605,604
3234,597,589,592
3235,597,592,605
3236,589,589,592
3237,589,592,592
3238,589,596,604
3239,589,604,592
3240,597,598,589
3241,597,589,590
3242,605,606,592
3243,605,592,593
3244,597,598,606
3245,597,606,605
3246,598,589,592
3247,598,592,606
3248,589,590,593
3249,589,593,592
3250,590,597,605
3251,590,605,593
3252,598,599,590
3253,598,590,591
3254,606,607,593
3255,606,593,594
3256,598,599,607
3257,598,607,606
3258,599,590,593
3259,599,593,607
3260,590,591,594
3261,590,594,593
3262,591,598,606
3263,591,606,594
3264,599,600,591
3265,599,591,591
3266,607,608,594
3267,607,594,594
3268,599,600,608
3269,599,608,607
3270,600,591,594
3271,600,594,608
3272,591,591,594
3273,591,594,594
3274,591,599,607
3275,591,607,594
3276,600,601,591
3277,600,591,591
3278,608,609,594
3279,608,594,594
3280,600,601,609
3281,600,609,608
3282,601,591,594
3283,601,594,609
3284,591,591,594
3285,591,594,594
3286,591,600,608
3287,591,608,594
3288,601,602,591
3289,601,591,590
3290,609,610,594
3291,609,594,593
3292,601,602,610
3293,601,610,609
3294,602,591,594
3295,602,594,610
3296,591,590,593
3297,591,593,594
3298,590,601,609
3299,590,609,593
3300,602,595,590
3301,602,590,589
3302,610,603,593
3303,610,593,592
3304,602,595,603
3305,602,603,610
3306,595,590,593
3307,595,593,603
3308,590,589,592
3309,590,592,593
3310,589,602,610
3311,589,610,592
3312,445,446,465
3313,445,465,466
3314,451,452,469
3315,451,469,470
3316,445,446,452
3317,445,452,451
3318,446,465,469
3319,446,469,452
3320,465,466,470
3321,465,470,469
3322,466,445,451
3323,466,451,470
3324,446,447,466
3325,446,466,467
3326,452,453,470
3327,452,470,471
3328,446,447,453
3329,446,453,452
3330,447,466,470
3331,447,470,453
3332,466,467,471
3333,466,471,470
3334,467,446,452
3335,467,452,471
3336,447,448,467
3337,447,467,468
3338,453,454,471
3339,453,471,472
3340,447,448,454
3341,447,454,453
3342,448,467,471
3343,448,471,454
3344,467,468,472
3345,467,472,471
3346,468,447,453
3347,468,453,472
3348,448,419,468
3349,448,468,420
3350,454,422,472
3351,454,472,423
3352,448,419,422
3353,448,422,454
3354,419,468,472
3355,419,472,422
3356,468,420,423
3357,468,423,472
3358,420,448,454
3359,420,454,423
3360,445,465,444
3361,445,444,457
3362,451,469,450
3363,451,450,461
3364,445,465,469
3365,445,469,451
3366,465,444,450
3367,465,450,469
3368,444,457,461
3369,444,461,450
3370,457,445,451
3371,457,451,461
3372,465,466,457
3373,465,457,458
3374,469,470,461
3375,469,461,462
3376,465,466,470
3377,465,470,469
3378,466,457,461
3379,466,461,470
3380,457,458,462
3381,457,462,461
3382,458,465,469
3383,458,469,462
3384,466,467,458
3385,466,458,459
3386,470,471,462
3387,470,462,463
3388,466,467,471
3389,466,471,470
3390,467,458,462
3391,467,462,471
3392,458,459,463
3393,458,463,462
3394,459,466,470
3395,459,470,463
3396,467,468,459
3397,467,459,460
3398,471,472,463
3399,471,463,464
3400,467,468,472
3401,467,472,471
3402,468,459,463
3403,468,463,472
3404,459,460,464
3405,459,464,463
3406,460,467,471
3407,460,471,464
3408,468,420,460
3409,468,460,421
3410,472,423,464
3411,472,464,424
3412,468,420,423
3413,468,423,472
3414,420,460,464
3415,420,464,423
3416,460,421,424
3417,460,424,464
3418,421,468,472
3419,421,472,424
3420,421,344,619
3421,421,619,620
3422,424,361,629
3423,424,629,630
3424,421,344,361
3425,421,361,424
3426,344,619,629
3427,344,629,361
3428,619,620,630
3429,619,630,629
3430,620,421,424
3431,620,424,630
3432,344,345,620
3433,344,620,621
3434,361,362,630
3435,361,630,631
3436,344,345,362
3437,344,362,361
3438,345,620,630
3439,345,630,362
3440,620,621,631
3441,620,631,630
3442,621,344,361
3443,621,361,631
3444,345,346,621
3445,345,621,622
3446,362,363,631
3447,362,631,632
3448,345,346,363
3449,345,363,362
3450,346,621,631
3451,346,631,363
3452,621,622,632
3453,621,632,631
3454,622,345,362
3455,622,362,632
3456,346,443,622
3457,346,622,623
3458,363,449,632
3459,363,632,633
3460,346,443,449
3461,346,449,363
3462,443,622,632
3463,443,632,449
3464,622,623,633
3465,622,633,632
3466,623,346,363
3467,623,363,633
3468,443,444,623
3469,443,623,624
3470,449,450,633
3471,449,633,634
3472,443,444,450
3473,443,450,449
3474,444,623,633
3475,444,633,450
3476,623,624,634
3477,623,634,633
3478,624,443,449
3479,624,449,634
3480,444,457,624
3481,444,624,625
3482,450,461,634
3483,450,634,635
3484,444,457,461
3485,444,461,450
3486,457,624,634
3487,457,634,461
3488,624,625,635
3489,624,635,634
3490,625,444,450
3491,625,450,635
3492,457,458,625
3493,457,625,626
3494,461,462,635
3495,461,635,636
3496,457,458,462
3497,457,462,461
3498,458,625,635
3499,458,635,462
3500,625,626,636
3501,625,636,635
3502,626,457,461
3503,626,461,636
3504,458,459,626
3505,458,626,627
3506,462,463,636
3507,462,636,637
3508,458,459,463
3509,458,463,462
3510,459,626,636
3511,459,636,463
3512,626,627,637
3513,626,637,636
3514,627,458,462
3515,627,462,637
3516,459,460,627
3517,459,627,628
3518,463,464,637
3519,463,637,638
3520,459,460,464
3521,459,464,463
3522,460,627,637
3523,460,637,464
3524,627,628,638
3525,627,638,637
3526,628,459,463
3527,628,463,638
3528,460,421,628
3529,460,628,619
3530,464,424,638
3531,464,638,629
3532,460,421,424
3533,460,424,464
3534,421,628,638
3535,421,638,424
3536,628,619,629
3537,628,629,638
3538,619,460,464
3539,619,464,629
3540,619,620,611
3541,619,611,611
3542,629,630,615
3543,629,615,615
3544,619,620,630
3545,619,630,629
3546,620,611,615
3547,620,615,630
3548,611,611,615
3549,611,615,615
3550,611,619,629
3551,611,629,615
3552,620,621,611
3553,620,611,611
3554,630,631,615
3555,630,615,615
3556,620,621,631
3557,620,631,630
3558,621,611,615
3559,621,615,631
3560,611,611,615
3561,611,615,615
3562,611,620,630
3563,611,630,615
3564,621,622,611
3565,621,611,612
3566,631,632,615
3567,631,615,616
3568,621,622,632
3569,621,632,631
3570,622,611,615
3571,622,615,632
3572,611,612,616
3573,611,616,615
3574,612,621,631
3575,612,631,616
3576,622,623,612
3577,622,612,613
3578,632,633,616
3579,632,616,617
3580,622,623,633
3581,622,633,632
3582,623,612,616
3583,623,616,633
3584,612,613,617
3585,612,617,616
3586,613,622,632
3587,613,632,617
3588,623,624,613
3589,623,613,614
3590,633,634,617
3591,633,617,618
3592,623,624,634
3593,623,634,633
3594,624,613,617
3595,624,617,634
3596,613,614,618
3597,613,618,617
3598,614,623,633
3599,614,633,618
3600,624,625,614
3601,624,614,614
3602,634,635,618
3603,634,618,618
3604,624,625,635
3605,624,635,634
3606,625,614,618
3607,625,618,635
3608,614,614,618
3609,614,618,618
3610,614,624,634
3611,614,634,618
3612,625,626,614
3613,625,614,614
3614,635,636,618
3615,635,618,618
3616,625,626,636
3617,625,636,635
3618,626,614,618
3619,626,618,636
3620,614,614,618
3621,614,618,618
3622,614,625,635
3623,614,635,618
3624,626,627,614
3625,626,614,613
3626,636,637,618
3627,636,618,617
3628,626,627,637
3629,626,637,636
3630,627,614,618
3631,627,618,637
3632,614,613,617
3633,614,617,618
3634,613,626,636
3635,613,636,617
3636,627,628,613
3637,627,613,612
3638,637,638,617
3639,637,617,616
3640,627,628,638
3641,627,638,637
3642,628,613,617
3643,628,617,638
3644,613,612,616
3645,613,616,617
3646,612,627,637
3647,612,637,616
3648,628,619,612
3649,628,612,611
3650,638,629,616
3651,638,616,615
3652,628,619,629
3653,628,629,638
3654,619,612,616
3655,619,616,629
3656,612,611,615
3657,612,615,616
3658,611,628,638
3659,611,638,615
3660,206,189,347
3661,330,170,350
3662,206,189,170
3663,206,170,330
3664,189,347,350
3665,189,350,170
3666,347,206,330
3667,347,330,350
3668,189,190,330
3669,189,330,331
3670,170,175,350
3671,170,350,351
3672,189,190,175
3673,189,175,170
3674,190,330,350
3675,190,350,175
3676,330,331,351
3677,330,351,350
3678,331,189,170
3679,331,170,351
3680,190,191,331
3681,190,331,332
3682,175,209,351
3683,175,351,352
3684,190,191,209
3685,190,209,175
3686,191,331,351
3687,191,351,209
3688,331,332,352
3689,331,352,351
3690,332,190,175
3691,332,175,352
3692,191,192,332
3693,191,332,333
3694,209,210,352
3695,209,352,353
3696,191,192,210
3697,191,210,209
3698,192,332,352
3699,192,352,210
3700,332,333,353
3701,332,353,352
3702,333,191,209
3703,333,209,353
3704,192,193,333
3705,192,333,334
3706,210,211,353
3707,210,353,354
3708,192,193,211
3709,192,211,210
3710,193,333,353
3711,193,353,211
3712,333,334,354
3713,333,354,353
3714,334,192,210
3715,334,210,354
3716,193,194,334
3717,193,334,335
3718,211,212,354
3719,211,354,355
3720,193,194,212
3721,193,212,211
3722,194,334,354
3723,194,354,212
3724,334,335,355
3725,334,355,354
3726,335,193,211
3727,335,211,355
3728,194,195,335
3729,194,335,336
3730,212,213,355
3731,212,355,356
3732,194,195,213
3733,194,213,212
3734,195,335,355
3735,195,355,213
3736,335,336,356
3737,335,356,355
3738,336,194,212
3739,336,212,356
3740,195,196,336
3741,195,336,337
3742,213,214,356
3743,213,356,357
3744,195,196,214
3745,195,214,213
3746,196,336,356
3747,196,356,214
3748,336,337,357
3749,336,357,356
3750,337,195,213
3751,337,213,357
3752,196,197,337
3753,196,337,338
3754,214,215,357
3755,214,357,358
3756,196,197,215
3757,196,215,214
3758,197,337,357
3759,197,357,215
3760,337,338,358
3761,337,358,357
3762,338,196,214
3763,338,214,358
3764,197,200,338
3765,341,215,358
3766,197,200,215
3767,197,215,341
3768,200,338,358
3769,200,358,215
3770,338,197,341
3771,338,341,358
3772,200,201,341
3773,200,341,342
3774,215,216,358
3775,215,358,359
3776,200,201,216
3777,200,216,215
3778,201,341,358
3779,201,358,216
3780,341,342,359
3781,341,359,358
3782,342,200,215
3783,342,215,359
3784,201,202,342
3785,201,342,343
3786,216,217,359
3787,216,359,360
3788,201,202,217
3789,201,217,216
3790,202,342,359
3791,202,359,217
3792,342,343,360
3793,342,360,359
3794,343,201,216
3795,343,216,360
3796,202,203,343
3797,202,343,344
3798,217,218,360
3799,217,360,361
3800,202,203,218
3801,202,218,217
3802,203,343,360
3803,203,360,218
3804,343,344,361
3805,343,361,360
3806,344,202,217
3807,344,217,361
3808,203,204,344
3809,203,344,345
3810,218,219,361
3811,218,361,362
3812,203,204,219
3813,203,219,218
3814,204,344,361
3815,204,361,219
3816,344,345,362
3817,344,362,361
3818,345,203,218
3819,345,218,362
3820,204,205,345
3821,204,345,346
3822,219,171,362
3823,219,362,363
3824,204,205,171
3825,204,171,219
3826,205,345,362
3827,205,362,171
3828,345,346,363
3829,345,363,362
3830,346,204,219
3831,346,219,363
3832,205,206,346
3833,205,346,347
3834,171,170,363
3835,171,363,350
3836,205,206,170
3837,205,170,171
3838,206,346,363
3839,206,363,170
3840,346,347,350
3841,346,350,363
3842,347,205,171
3843,347,171,350
3844,197,198,338
3845,197,338,339
3846,200,208,341
3847,200,341,349
3848,197,198,208
3849,197,208,200
3850,198,338,341
3851,198,341,208
3852,338,339,349
3853,338,349,341
3854,339,197,200
3855,339,200,349
3856,198,199,339
3857,198,339,340
3858,208,207,349
3859,208,349,348
3860,198,199,207
3861,198,207,208
3862,199,339,349
3863,199,349,207
3864,339,340,348
3865,339,348,349
3866,340,198,208
3867,340,208,348
3868,199,189,340
3869,199,340,330
3870,207,206,348
3871,207,348,347
3872,199,189,206
3873,199,206,207
3874,189,340,348
3875,189,348,206
3876,340,330,347
3877,340,347,348
3878,330,199,207
3879,330,207,347
